{
  "subtype": "HEALTHBOX3",
  "state": {
    "id": "done",
    "progress": 100,
    "remaining": 0,
    "set_rate": [],
    "meas_valve": []
  },
  "error": [],
  "fan": {
    "voltage": 3.3600000000000003,
    "pressure": 31.408610369830086,
    "flow": 151.2005690344329,
    "power": 6.2013056807656675,
    "rpm": 570.0
  },
  "conductance": {
    "c_collector": {
      "1": {
        "c_ij": {
          "0": 5.129941047174791
        },
        "c_ai": 10000.0
      },
      "2": {
        "c_ij": {
          "0": 11.315575263985888
        },
        "c_ai": 10000.0
      },
      "3": {
        "c_ij": {
          "0": 9.836762886815128
        },
        "c_ai": 10000.0
      },
      "4": {
        "c_ij": {
          "0": 9.672561029568424
        },
        "c_ai": 10000.0
      },
      "5": {
        "c_ij": {
          "0": 16.17999476090925
        },
        "c_ai": 10000.0
      },
      "6": {
        "c_ij": {
          "0": 8.504004541422411
        },
        "c_ai": 10000.0
      },
      "7": {
        "c_ij": {
          "0": 9.744977087080551
        },
        "c_ai": 10000.0
      }
    },
    "c_out": 43.81132686015175,
    "c_leak": 0.5940844877514844
  },
  "power": 11.241305680765668,
  "c_mode_power": 30.719611103698963,
  "cmode_pressures": {
    "p_collector": {
      "1": {
        "0": 34.199351838951316
      },
      "2": {
        "0": 19.52483127167015
      },
      "3": {
        "0": 9.301190166811823
      },
      "4": {
        "0": 9.619665228797128
      },
      "5": {
        "0": 3.437849757948031
      },
      "6": {
        "0": 12.445027385738719
      },
      "7": {
        "0": 9.477226873240667
      }
    },
    "p_tot": 61.75958322195817,
    "p_leak": 0.0,
    "p_exh": 27.560231383006847
  }
}
