{
  "voltage": 4.5200000000000005,
  "pressure": 62.07812364674271,
  "flow": 173.4469677919487,
  "power": 9.506905885304105,
  "rpm": 750.0
}
